First Name,Last Name,Email
divyap,NA,divya1021@gmail.com
DIVYA,NA,divyapinge2110@gmail.com
Divya,NA,divya132601@gmail.com
divpin,NA,divpin2009@gmail.com
Divya2009,NA,divya2009@gmail.com
divyat,NA,divyatpinge@gmail.com
divya1909,NA,divya1909@gmail.com
DivyaP,NA,divtestunverified@gmail.com
Divya,NA,divyat130198@gmail.com
divya,NA,divya1358@gmail.com
Divya,NA,divy1301unverified@gmail.com
divya,NA,divyatest365@gmail.com
divyaunverified87,NA,divyaunverified87@gmail.com
Divyaunverified86,NA,divyaunverified86@gmail.com
Divyaunverified,NA,divyaunverified85@gmail.com
Divya,Pinge,divyapingetm@gmail.com
Divya,T,divyat1301@gmail.com
Divya,Manoj,divyamanoj1301@gmail.com
Divya,P,divyatest1301@gmail.com
divya,mpinge,divyampinge@gmail.com
divyatest,NA,divyatest2@gmail.com
divya,p,divyauntited@gmail.com
NA,NA,divyacivtest@gmail.com
divyatesting4,NA,divyatesting4@gmail.com
divyatesting3,NA,divyatesting3@gmail.com
Divya_unverifiedsubmission,NA,divya_unverifiedsubmission@gmail.com
Divyapinge2601,NA,divyapinge1301+3@gmail.com
DivyaPinge1301,NA,divyapinge1301+2@gmail.com
Divya,NA,divyapinge1301+1@gmail.com
DivyaPinge,NA,divyapinge1301@gmail.com
Divyaunverifiedemail1,NA,divyaunverifiedemail1@gmail.com
Divya_unverified2,NA,divya.pinge_unverified2@gmail.com
Divya_unverified,NA,divya.pinge_unverified@gmail.com
divyaunverifiedaccount,NA,divyaunverified@gmail.com
divya,p,divy.pinge.test@gmail.com
TestingunverifiedemailID,NA,divyatestingunverified@gmail.com
unverifieddp,NA,divya.pingeunverifieddp@gmail.com
divyaunverifiedaccount,NA,divya.pingeunverified@gmail.com
Testing mcqs,NA,divya_mcq@gmail.com
divya,NA,divya.pinge1301@gmail.com
first name only,NA,divyapingetest+0508@gmail.com
testingfirstname,NA,divyapingetesting+1@gmail.com
d,NA,divya123@civis.vote
Divp,NA,divya.pinge2@gmail.com
Tanuja,NA,divya_jan85@yahoo.com
Divya,NA,divyatriesagain@gmail.com
divyaapril29,NA,divya+apr29@civis.vote
Testing,NA,divyapingetest+1@gmail.com
DP,NA,divyatestingprivate2+1@gmail.com
divya,NA,divya13test+1@gmail.com
divya,NA,divya+1@civis.vote
divya,NA,divya.pinge+1@gmail.com
divya,s,divya13test@gmail.com
d,NA,divyaverifyemail@gmail.com
Divyaadmin,divyapingetesting21@gmail.com,divyapingetesting21@gmail.com
div,p,divyapingetesting4@gmail.com
Divya,NA,divyatesting9@gmail.com
D,NA,divyatesting7@gmail.com
D_Testverifyemail,NA,divyatesting6@gmail.com
NA,NA,divypingetest@gmail.com
NA,NA,divyapingetesting5@gmail.com
NA,NA,divyatesting5@gmail.com
divadmin,divyatestingprivate2@gmail.com,divyatestingprivate2@gmail.com
Div-employee,P,divemployee2@gmail.com
NA,NA,divemployee2@gmail.con
NA,NA,divemployee@gmail.com
divya,pinge,divyapingetesting3@gmail.com
div,pin,divyatestsagain@gmail.com
divya,pi,divyapingetesting2@gmail.com
divya,NA,divyapingeprivate@gmail.com
divya,NA,divyapingeprivate@civis.vote
divya,pinge,divyapingetest+@gmail.com
Divya_official,P,divya+@civis.vote
Divya,Pinge,divya.pinge+@gmail.com
dp,pi,divyapingetest@gmail.com
divya,pinge,divya@civis.vote
D,P,divya.pinge@gmail.com
divyap,NA,divya1021@gmail.com
DIVYA,NA,divyapinge2110@gmail.com
Divya,NA,divya132601@gmail.com
Divya2009,NA,divya2009@gmail.com
divyat,NA,divyatpinge@gmail.com
divya1909,NA,divya1909@gmail.com
DivyaP,NA,divtestunverified@gmail.com
divya,NA,unverifiedemail1409@gmail.com
Divya,NA,divyat130198@gmail.com
divya,NA,divya1358@gmail.com
Divya,NA,testing0609@gmail.com
Divya,NA,testing132601@gmail.com
Divya,NA,divy1301unverified@gmail.com
Divya,NA,testing1222@gmail.com
divya,NA,divyatest365@gmail.com
divyaunverified87,NA,divyaunverified87@gmail.com
Divyaunverified86,NA,divyaunverified86@gmail.com
Divyaunverified,NA,divyaunverified85@gmail.com
Divya,Pinge,divyapingetm@gmail.com
divya,NA,pdivyam@gmail.com
Divya,T,divyat1301@gmail.com
Divya,Manoj,divyamanoj1301@gmail.com
Divya,Pinge,pingedivya1301@gmail.com
Divya,P,divyatest1301@gmail.com
divya,mpinge,divyampinge@gmail.com
divyatest,NA,divyatest2@gmail.com
divya,p,divyauntited@gmail.com
divyatesting4,NA,divyatesting4@gmail.com
divyatesting3,NA,divyatesting3@gmail.com
Divya_unverifiedsubmission,NA,divya_unverifiedsubmission@gmail.com
Divyapinge2601,NA,divyapinge1301+3@gmail.com
DivyaPinge1301,NA,divyapinge1301+2@gmail.com
Divya,NA,divyapinge1301+1@gmail.com
DivyaPinge,NA,divyapinge1301@gmail.com
Divyaunverifiedemail1,NA,divyaunverifiedemail1@gmail.com
Divya_unverified2,NA,divya.pinge_unverified2@gmail.com
Divya_unverified,NA,divya.pinge_unverified@gmail.com
divyaunverifiedaccount,NA,divyaunverified@gmail.com
divya,p,divy.pinge.test@gmail.com
divyaunverifiedaccount,NA,divya.pingeunverified@gmail.com
divya,NA,divya.pinge1301@gmail.com
Divya,NA,divyatriesagain@gmail.com
divyaapril29,NA,divya+apr29@civis.vote
divya,NA,divya13test+1@gmail.com
divya,NA,divya+1@civis.vote
divya,NA,divya.pinge+1@gmail.com
divya,pinge,staging1check@gmail.com
divya,s,divya13test@gmail.com
Divyaadmin,divyapingetesting21@gmail.com,divyapingetesting21@gmail.com
Divya,NA,divyatesting9@gmail.com
divya,pinge,divyapingetesting3@gmail.com
divya,pi,divyapingetesting2@gmail.com
divya,NA,divyapingeprivate@gmail.com
divya,NA,divyapingeprivate@civis.vote
divya,pinge,divyapingetest+@gmail.com
Divya_official,P,divya+@civis.vote
Divya,Pinge,divya.pinge+@gmail.com
divya,pinge,divya@civis.vote
Nitika,Sangal,sangalnitika@gmail.com
